Component,Origin,License,Copyright
adler2,https://github.com/oyvindln/adler2,0BSD OR MIT OR Apache-2.0,"Jonas Schievink <jonasschievink@gmail.com>, oyvindln <oyvindln@users.noreply.github.com>"
aho-corasick,https://github.com/BurntSushi/aho-corasick,Unlicense OR MIT,Andrew Gallant <jamslam@gmail.com>
allocator-api2,https://github.com/zakarumych/allocator-api2,MIT OR Apache-2.0,Zakarum <zaq.dev@icloud.com>
android_system_properties,https://github.com/nical/android_system_properties,MIT OR Apache-2.0,Nicolas Silva <nical@fastmail.com>
anyhow,https://github.com/dtolnay/anyhow,MIT OR Apache-2.0,David Tolnay <dtolnay@gmail.com>
arc-swap,https://github.com/vorner/arc-swap,MIT OR Apache-2.0,Michal 'vorner' Vaner <vorner@vorner.cz>
async-trait,https://github.com/dtolnay/async-trait,MIT OR Apache-2.0,David Tolnay <dtolnay@gmail.com>
atomic-waker,https://github.com/smol-rs/atomic-waker,Apache-2.0 OR MIT,"Stjepan Glavina <stjepang@gmail.com>, Contributors to futures-rs"
aws-lc-rs,https://github.com/aws/aws-lc-rs,ISC AND (Apache-2.0 OR ISC),AWS-LibCrypto
aws-lc-sys,https://github.com/aws/aws-lc-rs,ISC AND (Apache-2.0 OR ISC) AND Apache-2.0 AND MIT AND BSD-3-Clause AND (Apache-2.0 OR ISC OR MIT) AND (Apache-2.0 OR ISC OR MIT-0),AWS-LC
base64,https://github.com/marshallpierce/rust-base64,MIT OR Apache-2.0,Marshall Pierce <marshall@mpierce.org>
bitflags,https://github.com/bitflags/bitflags,MIT OR Apache-2.0,The Rust Project Developers
blazesym,https://github.com/libbpf/blazesym,BSD-3-Clause,"Daniel Müller <deso@posteo.net>, Kui-Feng <thinker.li@gmail.com>"
block-buffer,https://github.com/RustCrypto/utils,MIT OR Apache-2.0,RustCrypto Developers
block2,https://github.com/madsmtm/objc2,MIT,Mads Marquart <mads@marquart.dk>
borrow-or-share,https://github.com/yescallop/borrow-or-share,MIT-0,Scallop Ye <yescallop@gmail.com>
bs58,https://github.com/Nullus157/bs58-rs,MIT OR Apache-2.0,The bs58 Authors
bumpalo,https://github.com/fitzgen/bumpalo,MIT OR Apache-2.0,Nick Fitzgerald <fitzgen@gmail.com>
bytes,https://github.com/tokio-rs/bytes,MIT,"Carl Lerche <me@carllerche.com>, Sean McArthur <sean@seanmonstar.com>"
cadence,https://github.com/56quarters/cadence,Apache-2.0 OR MIT,Nick Pillitteri
cast,https://github.com/japaric/cast.rs,MIT OR Apache-2.0,Jorge Aparicio <jorge@japaric.io>
cc,https://github.com/rust-lang/cc-rs,MIT OR Apache-2.0,Alex Crichton <alex@alexcrichton.com>
cesu8,https://github.com/emk/cesu8-rs,Apache-2.0 OR MIT,Eric Kidd <git@randomhacks.net>
cfg-if,https://github.com/rust-lang/cfg-if,MIT OR Apache-2.0,Alex Crichton <alex@alexcrichton.com>
chrono,https://github.com/chronotope/chrono,MIT OR Apache-2.0,The chrono Authors
combine,https://github.com/Marwes/combine,MIT,Markus Westerlind <marwes91@gmail.com>
console_error_panic_hook,https://github.com/rustwasm/console_error_panic_hook,Apache-2.0 OR MIT,Nick Fitzgerald <fitzgen@gmail.com>
const_format,https://github.com/rodrimati1992/const_format_crates,Zlib,rodrimati1992 <rodrimatt1985@gmail.com>
const_format_proc_macros,https://github.com/rodrimati1992/const_format_crates,Zlib,rodrimati1992 <rodrimatt1985@gmail.com>
convert_case,https://github.com/rutrum/convert-case,MIT,Rutrum <dave@rutrum.net>
core-foundation,https://github.com/servo/core-foundation-rs,MIT OR Apache-2.0,The Servo Project Developers
core-foundation-sys,https://github.com/servo/core-foundation-rs,MIT OR Apache-2.0,The Servo Project Developers
cpp_demangle,https://github.com/gimli-rs/cpp_demangle,MIT OR Apache-2.0,"Nick Fitzgerald <fitzgen@gmail.com>, Jim Blandy <jimb@red-bean.com>, Kyle Huey <khuey@kylehuey.com>"
cpufeatures,https://github.com/RustCrypto/utils,MIT OR Apache-2.0,RustCrypto Developers
crossbeam-channel,https://github.com/crossbeam-rs/crossbeam,MIT OR Apache-2.0,The crossbeam-channel Authors
crossbeam-utils,https://github.com/crossbeam-rs/crossbeam,MIT OR Apache-2.0,The crossbeam-utils Authors
crypto-common,https://github.com/RustCrypto/traits,MIT OR Apache-2.0,RustCrypto Developers
ctor,https://github.com/mmastrac/rust-ctor,Apache-2.0 OR MIT,Matt Mastracci <matthew@mastracci.com>
darling,https://github.com/TedDriggs/darling,MIT,Ted Driggs <ted.driggs@outlook.com>
darling_core,https://github.com/TedDriggs/darling,MIT,Ted Driggs <ted.driggs@outlook.com>
darling_macro,https://github.com/TedDriggs/darling,MIT,Ted Driggs <ted.driggs@outlook.com>
debugid,https://github.com/getsentry/rust-debugid,Apache-2.0,Sentry <hello@sentry.io>
deranged,https://github.com/jhpratt/deranged,MIT OR Apache-2.0,Jacob Pratt <jacob@jhpratt.dev>
digest,https://github.com/RustCrypto/traits,MIT OR Apache-2.0,RustCrypto Developers
dispatch2,https://github.com/madsmtm/objc2,Zlib OR Apache-2.0 OR MIT,"Mads Marquart <mads@marquart.dk>, Mary <mary@mary.zone>"
dyn-clone,https://github.com/dtolnay/dyn-clone,MIT OR Apache-2.0,David Tolnay <dtolnay@gmail.com>
either,https://github.com/rayon-rs/either,MIT OR Apache-2.0,bluss
equivalent,https://github.com/indexmap-rs/equivalent,Apache-2.0 OR MIT,The equivalent Authors
errno,https://github.com/lambda-fairy/rust-errno,MIT OR Apache-2.0,"Chris Wong <lambda.fairy@gmail.com>, Dan Gohman <dev@sunfishcode.online>"
fallible-iterator,https://github.com/sfackler/rust-fallible-iterator,MIT OR Apache-2.0,Steven Fackler <sfackler@gmail.com>
find-msvc-tools,https://github.com/rust-lang/cc-rs,MIT OR Apache-2.0,The find-msvc-tools Authors
fluent-uri,https://github.com/yescallop/fluent-uri-rs,MIT,Scallop Ye <yescallop@gmail.com>
foldhash,https://github.com/orlp/foldhash,Zlib,Orson Peters <orsonpeters@gmail.com>
futures,https://github.com/rust-lang/futures-rs,MIT OR Apache-2.0,The futures Authors
futures-channel,https://github.com/rust-lang/futures-rs,MIT OR Apache-2.0,The futures-channel Authors
futures-core,https://github.com/rust-lang/futures-rs,MIT OR Apache-2.0,The futures-core Authors
futures-executor,https://github.com/rust-lang/futures-rs,MIT OR Apache-2.0,The futures-executor Authors
futures-io,https://github.com/rust-lang/futures-rs,MIT OR Apache-2.0,The futures-io Authors
futures-macro,https://github.com/rust-lang/futures-rs,MIT OR Apache-2.0,The futures-macro Authors
futures-sink,https://github.com/rust-lang/futures-rs,MIT OR Apache-2.0,The futures-sink Authors
futures-task,https://github.com/rust-lang/futures-rs,MIT OR Apache-2.0,The futures-task Authors
futures-util,https://github.com/rust-lang/futures-rs,MIT OR Apache-2.0,The futures-util Authors
generic-array,https://github.com/fizyk20/generic-array,MIT,"Bartłomiej Kamiński <fizyk20@gmail.com>, Aaron Trent <novacrazy@gmail.com>"
getrandom,https://github.com/rust-random/getrandom,MIT OR Apache-2.0,The Rand Project Developers
gimli,https://github.com/gimli-rs/gimli,MIT OR Apache-2.0,The gimli Authors
hashbrown,https://github.com/rust-lang/hashbrown,MIT OR Apache-2.0,Amanieu d'Antras <amanieu@gmail.com>
heck,https://github.com/withoutboats/heck,MIT OR Apache-2.0,The heck Authors
hex,https://github.com/KokaKiwi/rust-hex,MIT OR Apache-2.0,KokaKiwi <kokakiwi@kokakiwi.net>
http,https://github.com/hyperium/http,MIT OR Apache-2.0,"Alex Crichton <alex@alexcrichton.com>, Carl Lerche <me@carllerche.com>, Sean McArthur <sean@seanmonstar.com>"
http-body,https://github.com/hyperium/http-body,MIT,"Carl Lerche <me@carllerche.com>, Lucio Franco <luciofranco14@gmail.com>, Sean McArthur <sean@seanmonstar.com>"
http-body-util,https://github.com/hyperium/http-body,MIT,"Carl Lerche <me@carllerche.com>, Lucio Franco <luciofranco14@gmail.com>, Sean McArthur <sean@seanmonstar.com>"
httparse,https://github.com/seanmonstar/httparse,MIT OR Apache-2.0,Sean McArthur <sean@seanmonstar.com>
hyper,https://github.com/hyperium/hyper,MIT,Sean McArthur <sean@seanmonstar.com>
hyper-rustls,https://github.com/rustls/hyper-rustls,Apache-2.0 OR ISC OR MIT,The hyper-rustls Authors
hyper-util,https://github.com/hyperium/hyper-util,MIT,Sean McArthur <sean@seanmonstar.com>
iana-time-zone,https://github.com/strawlab/iana-time-zone,MIT OR Apache-2.0,"Andrew Straw <strawman@astraw.com>, René Kijewski <rene.kijewski@fu-berlin.de>, Ryan Lopopolo <rjl@hyperbo.la>"
iana-time-zone-haiku,https://github.com/strawlab/iana-time-zone,MIT OR Apache-2.0,René Kijewski <crates.io@k6i.de>
id-arena,https://github.com/fitzgen/id-arena,MIT OR Apache-2.0,"Nick Fitzgerald <fitzgen@gmail.com>, Aleksey Kladov <aleksey.kladov@gmail.com>"
ident_case,https://github.com/TedDriggs/ident_case,MIT OR Apache-2.0,Ted Driggs <ted.driggs@outlook.com>
indexmap,https://github.com/bluss/indexmap,Apache-2.0 OR MIT,The indexmap Authors
indexmap,https://github.com/indexmap-rs/indexmap,Apache-2.0 OR MIT,The indexmap Authors
itertools,https://github.com/rust-itertools/itertools,MIT OR Apache-2.0,bluss
itoa,https://github.com/dtolnay/itoa,MIT OR Apache-2.0,David Tolnay <dtolnay@gmail.com>
jni,https://github.com/jni-rs/jni-rs,MIT OR Apache-2.0,Josh Chase <josh@prevoty.com>
jni-sys,https://github.com/jni-rs/jni-sys,MIT OR Apache-2.0,Steven Fackler <sfackler@gmail.com>
jni-sys,https://github.com/jni-rs/jni-sys,MIT OR Apache-2.0,"Steven Fackler <sfackler@gmail.com>, Robert Bragg <robert@sixbynine.org>"
jni-sys-macros,https://github.com/jni-rs/jni-sys,MIT OR Apache-2.0,Robert Bragg <robert@sixbynine.org>
jobserver,https://github.com/rust-lang/jobserver-rs,MIT OR Apache-2.0,Alex Crichton <alex@alexcrichton.com>
js-sys,https://github.com/wasm-bindgen/wasm-bindgen/tree/master/crates/js-sys,MIT OR Apache-2.0,The wasm-bindgen Developers
konst,https://github.com/rodrimati1992/konst,Zlib,rodrimati1992 <rodrimatt1985@gmail.com>
konst_macro_rules,https://github.com/rodrimati1992/konst,Zlib,rodrimati1992 <rodrimatt1985@gmail.com>
leb128fmt,https://github.com/bluk/leb128fmt,MIT OR Apache-2.0,Bryant Luk <code@bryantluk.com>
libc,https://github.com/rust-lang/libc,MIT OR Apache-2.0,The Rust Project Developers
libdd-capabilities,https://github.com/DataDog/libdatadog/tree/main/libdd-capabilities,Apache-2.0,The libdd-capabilities Authors
libdd-capabilities-impl,https://github.com/DataDog/libdatadog/tree/main/libdd-capabilities-impl,Apache-2.0,The libdd-capabilities-impl Authors
libdd-common,https://github.com/DataDog/libdatadog/tree/main/datadog-common,Apache-2.0,The libdd-common Authors
libdd-crashtracker,https://github.com/DataDog/libdatadog/tree/main/libdd-crashtracker,Apache-2.0,The libdd-crashtracker Authors
libdd-data-pipeline,https://github.com/DataDog/libdatadog/tree/main/libdd-data-pipeline,Apache-2.0,The libdd-data-pipeline Authors
libdd-ddsketch,https://github.com/DataDog/libdatadog/tree/main/libdd-ddsketch,Apache-2.0,The libdd-ddsketch Authors
libdd-dogstatsd-client,https://github.com/DataDog/libdatadog/tree/main/libdd-dogstatsd-client,Apache-2.0,The libdd-dogstatsd-client Authors
libdd-library-config,https://github.com/DataDog/libdatadog/tree/main/libdd-library-config,Apache-2.0,The libdd-library-config Authors
libdd-libunwind-sys,https://github.com/DataDog/libdatadog/tree/main/libdd-libunwind-sys,Apache-2.0,The libdd-libunwind-sys Authors
libdd-remote-config,https://github.com/DataDog/libdatadog/tree/main/libdd-remote-config,Apache-2.0,Datadog Inc. <info@datadoghq.com>
libdd-shared-runtime,https://github.com/DataDog/libdatadog/tree/main/libdd-shared-runtime,Apache-2.0,The libdd-shared-runtime Authors
libdd-telemetry,https://github.com/DataDog/libdatadog/tree/main/libdd-telemetry,Apache-2.0,The libdd-telemetry Authors
libdd-tinybytes,https://github.com/DataDog/libdatadog/tree/main/libdd-tinybytes,Apache-2.0,The libdd-tinybytes Authors
libdd-trace-normalization,https://github.com/DataDog/libdatadog/tree/main/libdd-trace-normalization,Apache-2.0,David Lee <david.lee@datadoghq.com>
libdd-trace-obfuscation,https://github.com/DataDog/libdatadog/tree/main/libdd-trace-obfuscation,Apache-2.0,Datadog Inc. <info@datadoghq.com>
libdd-trace-protobuf,https://github.com/DataDog/libdatadog/tree/main/libdd-trace-protobuf,Apache-2.0,The libdd-trace-protobuf Authors
libdd-trace-stats,https://github.com/DataDog/libdatadog/tree/main/libdd-trace-stats,Apache-2.0,The libdd-trace-stats Authors
libdd-trace-utils,https://github.com/DataDog/libdatadog/tree/main/libdd-trace-utils,Apache-2.0,The libdd-trace-utils Authors
libloading,https://github.com/nagisa/rust_libloading,ISC,Simonas Kazlauskas <libloading@kazlauskas.me>
libm,https://github.com/rust-lang/compiler-builtins,MIT,"Alex Crichton <alex@alexcrichton.com>, Amanieu d'Antras <amanieu@gmail.com>, Jorge Aparicio <japaricious@gmail.com>, Trevor Gross <tg@trevorgross.com>"
linux-raw-sys,https://github.com/sunfishcode/linux-raw-sys,Apache-2.0 WITH LLVM-exception OR Apache-2.0 OR MIT,Dan Gohman <dev@sunfishcode.online>
log,https://github.com/rust-lang/log,MIT OR Apache-2.0,The Rust Project Developers
manual_future,https://github.com/dmarcuse/manual_future,MIT,Dana Marcuse <dana@marcuse.us>
memchr,https://github.com/BurntSushi/memchr,Unlicense OR MIT,"Andrew Gallant <jamslam@gmail.com>, bluss"
memfd,https://github.com/lucab/memfd-rs,MIT OR Apache-2.0,"Luca Bruno <lucab@lucabruno.net>, Simonas Kazlauskas <memfd@kazlauskas.me>"
memmap2,https://github.com/RazrFalcon/memmap2-rs,MIT OR Apache-2.0,"Dan Burkert <dan@danburkert.com>, Yevhenii Reizner <razrfalcon@gmail.com>, The Contributors"
memoffset,https://github.com/Gilnaa/memoffset,MIT,Gilad Naaman <gilad.naaman@gmail.com>
minicov,https://github.com/Amanieu/minicov,Apache-2.0 OR MIT,Amanieu d'Antras <amanieu@gmail.com>
miniz_oxide,https://github.com/Frommi/miniz_oxide/tree/master/miniz_oxide,MIT OR Zlib OR Apache-2.0,"Frommi <daniil.liferenko@gmail.com>, oyvindln <oyvindln@users.noreply.github.com>, Rich Geldreich richgel99@gmail.com"
mio,https://github.com/tokio-rs/mio,MIT,"Carl Lerche <me@carllerche.com>, Thomas de Zeeuw <thomasdezeeuw@gmail.com>, Tokio Contributors <team@tokio.rs>"
msvc-demangler,https://github.com/mstange/msvc-demangler-rust,MIT OR NCSA,"Markus Stange <mstange@themasta.com>, Jeff Muizelaar <jrmuizel@gmail.com>"
napi,https://github.com/napi-rs/napi-rs,MIT,"Nathan Sobo <nathan@github.com>, Yinan Long <lynweklm@gmail.com>"
napi-derive,https://github.com/napi-rs/napi-rs,MIT,"LongYinan <lynweklm@gmail.com>, Forehalo <forehalo@gmail.com>"
napi-derive-backend,https://github.com/napi-rs/napi-rs,MIT,The napi-derive-backend Authors
napi-sys,https://github.com/napi-rs/napi-rs,MIT,LongYinan <lynweklm@gmail.com>
nix,https://github.com/nix-rust/nix,MIT,The nix-rust Project Developers
nu-ansi-term,https://github.com/nushell/nu-ansi-term,MIT,"ogham@bsago.me, Ryan Scheel (Havvy) <ryan.havvy@gmail.com>, Josh Triplett <josh@joshtriplett.org>, The Nushell Project Developers"
num-conv,https://github.com/jhpratt/num-conv,MIT OR Apache-2.0,Jacob Pratt <jacob@jhpratt.dev>
num-derive,https://github.com/rust-num/num-derive,MIT OR Apache-2.0,The Rust Project Developers
num-traits,https://github.com/rust-num/num-traits,MIT OR Apache-2.0,The Rust Project Developers
objc2,https://github.com/madsmtm/objc2,MIT,Mads Marquart <mads@marquart.dk>
objc2-cloud-kit,https://github.com/madsmtm/objc2,Zlib OR Apache-2.0 OR MIT,The objc2-cloud-kit Authors
objc2-core-data,https://github.com/madsmtm/objc2,Zlib OR Apache-2.0 OR MIT,The objc2-core-data Authors
objc2-core-foundation,https://github.com/madsmtm/objc2,Zlib OR Apache-2.0 OR MIT,The objc2-core-foundation Authors
objc2-core-graphics,https://github.com/madsmtm/objc2,Zlib OR Apache-2.0 OR MIT,The objc2-core-graphics Authors
objc2-core-image,https://github.com/madsmtm/objc2,Zlib OR Apache-2.0 OR MIT,The objc2-core-image Authors
objc2-core-location,https://github.com/madsmtm/objc2,Zlib OR Apache-2.0 OR MIT,The objc2-core-location Authors
objc2-core-text,https://github.com/madsmtm/objc2,Zlib OR Apache-2.0 OR MIT,The objc2-core-text Authors
objc2-encode,https://github.com/madsmtm/objc2,MIT,Mads Marquart <mads@marquart.dk>
objc2-foundation,https://github.com/madsmtm/objc2,MIT,The objc2-foundation Authors
objc2-io-surface,https://github.com/madsmtm/objc2,Zlib OR Apache-2.0 OR MIT,The objc2-io-surface Authors
objc2-quartz-core,https://github.com/madsmtm/objc2,Zlib OR Apache-2.0 OR MIT,The objc2-quartz-core Authors
objc2-ui-kit,https://github.com/madsmtm/objc2,Zlib OR Apache-2.0 OR MIT,The objc2-ui-kit Authors
objc2-user-notifications,https://github.com/madsmtm/objc2,Zlib OR Apache-2.0 OR MIT,The objc2-user-notifications Authors
once_cell,https://github.com/matklad/once_cell,MIT OR Apache-2.0,Aleksey Kladov <aleksey.kladov@gmail.com>
oorandom,https://hg.sr.ht/~icefox/oorandom,MIT,Simon Heath <icefox@dreamquest.io>
openssl-probe,https://github.com/alexcrichton/openssl-probe,MIT OR Apache-2.0,Alex Crichton <alex@alexcrichton.com>
os_info,https://github.com/stanislav-tkach/os_info,MIT,"Jan Schulte <hello@unexpected-co.de>, Stanislav Tkach <stanislav.tkach@gmail.com>"
page_size,https://github.com/Elzair/page_size_rs,MIT OR Apache-2.0,Philip Woods <elzairthesorcerer@gmail.com>
paste,https://github.com/dtolnay/paste,MIT OR Apache-2.0,David Tolnay <dtolnay@gmail.com>
percent-encoding,https://github.com/servo/rust-url,MIT OR Apache-2.0,The rust-url developers
pin-project,https://github.com/taiki-e/pin-project,Apache-2.0 OR MIT,The pin-project Authors
pin-project-internal,https://github.com/taiki-e/pin-project,Apache-2.0 OR MIT,The pin-project-internal Authors
pin-project-lite,https://github.com/taiki-e/pin-project-lite,Apache-2.0 OR MIT,The pin-project-lite Authors
portable-atomic,https://github.com/taiki-e/portable-atomic,Apache-2.0 OR MIT,The portable-atomic Authors
powerfmt,https://github.com/jhpratt/powerfmt,MIT OR Apache-2.0,Jacob Pratt <jacob@jhpratt.dev>
ppv-lite86,https://github.com/cryptocorrosion/cryptocorrosion,MIT OR Apache-2.0,The CryptoCorrosion Contributors
prettyplease,https://github.com/dtolnay/prettyplease,MIT OR Apache-2.0,David Tolnay <dtolnay@gmail.com>
proc-macro2,https://github.com/dtolnay/proc-macro2,MIT OR Apache-2.0,"David Tolnay <dtolnay@gmail.com>, Alex Crichton <alex@alexcrichton.com>"
prost,https://github.com/tokio-rs/prost,Apache-2.0,"Dan Burkert <dan@danburkert.com>, Lucio Franco <luciofranco14@gmail.com>, Casper Meijn <casper@meijn.net>, Tokio Contributors <team@tokio.rs>"
prost-derive,https://github.com/tokio-rs/prost,Apache-2.0,"Dan Burkert <dan@danburkert.com>, Lucio Franco <luciofranco14@gmail.com>, Casper Meijn <casper@meijn.net>, Tokio Contributors <team@tokio.rs>"
quote,https://github.com/dtolnay/quote,MIT OR Apache-2.0,David Tolnay <dtolnay@gmail.com>
r-efi,https://github.com/r-efi/r-efi,MIT OR Apache-2.0 OR LGPL-2.1-or-later,The r-efi Authors
rand,https://github.com/rust-random/rand,MIT OR Apache-2.0,"The Rand Project Developers, The Rust Project Developers"
rand_chacha,https://github.com/rust-random/rand,MIT OR Apache-2.0,"The Rand Project Developers, The Rust Project Developers, The CryptoCorrosion Contributors"
rand_core,https://github.com/rust-random/rand,MIT OR Apache-2.0,"The Rand Project Developers, The Rust Project Developers"
ref-cast,https://github.com/dtolnay/ref-cast,MIT OR Apache-2.0,David Tolnay <dtolnay@gmail.com>
ref-cast-impl,https://github.com/dtolnay/ref-cast,MIT OR Apache-2.0,David Tolnay <dtolnay@gmail.com>
regex,https://github.com/rust-lang/regex,MIT OR Apache-2.0,"The Rust Project Developers, Andrew Gallant <jamslam@gmail.com>"
regex-automata,https://github.com/rust-lang/regex,MIT OR Apache-2.0,"The Rust Project Developers, Andrew Gallant <jamslam@gmail.com>"
regex-syntax,https://github.com/rust-lang/regex,MIT OR Apache-2.0,"The Rust Project Developers, Andrew Gallant <jamslam@gmail.com>"
ring,https://github.com/briansmith/ring,Apache-2.0 AND ISC,The ring Authors
rmp,https://github.com/3Hren/msgpack-rust,MIT,"Evgeny Safronov <division494@gmail.com>, Kornel <kornel@geekhood.net>"
rmp-serde,https://github.com/3Hren/msgpack-rust,MIT,Evgeny Safronov <division494@gmail.com>
rmpv,https://github.com/3Hren/msgpack-rust,MIT,Evgeny Safronov <division494@gmail.com>
rustc-demangle,https://github.com/rust-lang/rustc-demangle,MIT OR Apache-2.0,Alex Crichton <alex@alexcrichton.com>
rustc-hash,https://github.com/rust-lang/rustc-hash,Apache-2.0 OR MIT,The Rust Project Developers
rustix,https://github.com/bytecodealliance/rustix,Apache-2.0 WITH LLVM-exception OR Apache-2.0 OR MIT,"Dan Gohman <dev@sunfishcode.online>, Jakub Konka <kubkon@jakubkonka.com>"
rustls,https://github.com/rustls/rustls,Apache-2.0 OR ISC OR MIT,The rustls Authors
rustls-native-certs,https://github.com/rustls/rustls-native-certs,Apache-2.0 OR ISC OR MIT,The rustls-native-certs Authors
rustls-pki-types,https://github.com/rustls/pki-types,MIT OR Apache-2.0,The rustls-pki-types Authors
rustls-platform-verifier,https://github.com/rustls/rustls-platform-verifier,MIT OR Apache-2.0,The rustls-platform-verifier Authors
rustls-platform-verifier-android,https://github.com/rustls/rustls-platform-verifier,MIT OR Apache-2.0,The rustls-platform-verifier-android Authors
rustls-webpki,https://github.com/rustls/webpki,ISC,The rustls-webpki Authors
rustversion,https://github.com/dtolnay/rustversion,MIT OR Apache-2.0,David Tolnay <dtolnay@gmail.com>
ryu,https://github.com/dtolnay/ryu,Apache-2.0 OR BSL-1.0,David Tolnay <dtolnay@gmail.com>
same-file,https://github.com/BurntSushi/same-file,Unlicense OR MIT,Andrew Gallant <jamslam@gmail.com>
schannel,https://github.com/steffengy/schannel-rs,MIT,"Steven Fackler <sfackler@gmail.com>, Steffen Butzer <steffen.butzer@outlook.com>"
schemars,https://github.com/GREsau/schemars,MIT,Graham Esau <gesau@hotmail.co.uk>
schemars_derive,https://github.com/GREsau/schemars,MIT,Graham Esau <gesau@hotmail.co.uk>
security-framework,https://github.com/kornelski/rust-security-framework,MIT OR Apache-2.0,"Steven Fackler <sfackler@gmail.com>, Kornel <kornel@geekhood.net>"
security-framework-sys,https://github.com/kornelski/rust-security-framework,MIT OR Apache-2.0,"Steven Fackler <sfackler@gmail.com>, Kornel <kornel@geekhood.net>"
semver,https://github.com/dtolnay/semver,MIT OR Apache-2.0,David Tolnay <dtolnay@gmail.com>
serde,https://github.com/serde-rs/serde,MIT OR Apache-2.0,"Erick Tryzelaar <erick.tryzelaar@gmail.com>, David Tolnay <dtolnay@gmail.com>"
serde-transcode,https://github.com/sfackler/serde-transcode,MIT OR Apache-2.0,Steven Fackler <sfackler@palantir.com>
serde-wasm-bindgen,https://github.com/cloudflare/serde-wasm-bindgen,MIT,Ingvar Stepanyan <me@rreverser.com>
serde_bytes,https://github.com/serde-rs/bytes,MIT OR Apache-2.0,David Tolnay <dtolnay@gmail.com>
serde_core,https://github.com/serde-rs/serde,MIT OR Apache-2.0,"Erick Tryzelaar <erick.tryzelaar@gmail.com>, David Tolnay <dtolnay@gmail.com>"
serde_derive,https://github.com/serde-rs/serde,MIT OR Apache-2.0,"Erick Tryzelaar <erick.tryzelaar@gmail.com>, David Tolnay <dtolnay@gmail.com>"
serde_derive_internals,https://github.com/serde-rs/serde,MIT OR Apache-2.0,"Erick Tryzelaar <erick.tryzelaar@gmail.com>, David Tolnay <dtolnay@gmail.com>"
serde_json,https://github.com/serde-rs/json,MIT OR Apache-2.0,"Erick Tryzelaar <erick.tryzelaar@gmail.com>, David Tolnay <dtolnay@gmail.com>"
serde_with,https://github.com/jonasbb/serde_with,MIT OR Apache-2.0,"Jonas Bushart, Marcin Kaźmierczak"
serde_with_macros,https://github.com/jonasbb/serde_with,MIT OR Apache-2.0,Jonas Bushart
serde_yaml,https://github.com/dtolnay/serde-yaml,MIT OR Apache-2.0,David Tolnay <dtolnay@gmail.com>
sha2,https://github.com/RustCrypto/hashes,MIT OR Apache-2.0,RustCrypto Developers
shlex,https://github.com/comex/rust-shlex,MIT OR Apache-2.0,"comex <comexk@gmail.com>, Fenhl <fenhl@fenhl.net>, Adrian Taylor <adetaylor@chromium.org>, Alex Touchet <alextouchet@outlook.com>, Daniel Parks <dp+git@oxidized.org>, Garrett Berg <googberg@gmail.com>"
simd-adler32,https://github.com/mcountryman/simd-adler32,MIT,Marvin Countryman <me@maar.vin>
slab,https://github.com/tokio-rs/slab,MIT,Carl Lerche <me@carllerche.com>
smallvec,https://github.com/servo/rust-smallvec,MIT OR Apache-2.0,The Servo Project Developers
socket2,https://github.com/rust-lang/socket2,MIT OR Apache-2.0,"Alex Crichton <alex@alexcrichton.com>, Thomas de Zeeuw <thomasdezeeuw@gmail.com>"
stable_deref_trait,https://github.com/storyyeller/stable_deref_trait,MIT OR Apache-2.0,Robert Grosse <n210241048576@gmail.com>
static_assertions,https://github.com/nvzqz/static-assertions-rs,MIT OR Apache-2.0,Nikolai Vazquez
strsim,https://github.com/rapidfuzz/strsim-rs,MIT,"Danny Guo <danny@dannyguo.com>, maxbachmann <oss@maxbachmann.de>"
strum,https://github.com/Peternator7/strum,MIT,Peter Glotfelty <peter.glotfelty@microsoft.com>
strum_macros,https://github.com/Peternator7/strum,MIT,Peter Glotfelty <peter.glotfelty@microsoft.com>
subtle,https://github.com/dalek-cryptography/subtle,BSD-3-Clause,"Isis Lovecruft <isis@patternsinthevoid.net>, Henry de Valence <hdevalence@hdevalence.ca>"
symbolic-common,https://github.com/getsentry/symbolic,MIT,"Armin Ronacher <armin.ronacher@active-4.com>, Jan Michael Auer <mail@jauer.org>"
symbolic-demangle,https://github.com/getsentry/symbolic,MIT,"Armin Ronacher <armin.ronacher@active-4.com>, Jan Michael Auer <mail@jauer.org>"
syn,https://github.com/dtolnay/syn,MIT OR Apache-2.0,David Tolnay <dtolnay@gmail.com>
sys-info,https://github.com/FillZpp/sys-info-rs,MIT,Siyu Wang <FillZpp.pub@gmail.com>
thin-vec,https://github.com/mozilla/thin-vec,MIT OR Apache-2.0,Aria Beingessner <a.beingessner@gmail.com>
thiserror,https://github.com/dtolnay/thiserror,MIT OR Apache-2.0,David Tolnay <dtolnay@gmail.com>
thiserror-impl,https://github.com/dtolnay/thiserror,MIT OR Apache-2.0,David Tolnay <dtolnay@gmail.com>
time,https://github.com/time-rs/time,MIT OR Apache-2.0,"Jacob Pratt <open-source@jhpratt.dev>, Time contributors"
time-core,https://github.com/time-rs/time,MIT OR Apache-2.0,"Jacob Pratt <open-source@jhpratt.dev>, Time contributors"
time-macros,https://github.com/time-rs/time,MIT OR Apache-2.0,"Jacob Pratt <open-source@jhpratt.dev>, Time contributors"
tinyvec,https://github.com/Lokathor/tinyvec,Zlib OR Apache-2.0 OR MIT,Lokathor <zefria@gmail.com>
tinyvec_macros,https://github.com/Soveu/tinyvec_macros,MIT OR Apache-2.0 OR Zlib,Soveu <marx.tomasz@gmail.com>
tokio,https://github.com/tokio-rs/tokio,MIT,Tokio Contributors <team@tokio.rs>
tokio-macros,https://github.com/tokio-rs/tokio,MIT,Tokio Contributors <team@tokio.rs>
tokio-rustls,https://github.com/rustls/tokio-rustls,MIT OR Apache-2.0,The tokio-rustls Authors
tokio-util,https://github.com/tokio-rs/tokio,MIT,Tokio Contributors <team@tokio.rs>
tower-service,https://github.com/tower-rs/tower,MIT,Tower Maintainers <team@tower-rs.com>
tracing,https://github.com/tokio-rs/tracing,MIT,"Eliza Weisman <eliza@buoyant.io>, Tokio Contributors <team@tokio.rs>"
tracing-core,https://github.com/tokio-rs/tracing,MIT,Tokio Contributors <team@tokio.rs>
try-lock,https://github.com/seanmonstar/try-lock,MIT,Sean McArthur <sean@seanmonstar.com>
typenum,https://github.com/paholg/typenum,MIT OR Apache-2.0,"Paho Lurie-Gregg <paho@paholg.com>, Andre Bogus <bogusandre@gmail.com>"
unicode-ident,https://github.com/dtolnay/unicode-ident,(MIT OR Apache-2.0) AND Unicode-3.0,David Tolnay <dtolnay@gmail.com>
unicode-segmentation,https://github.com/unicode-rs/unicode-segmentation,MIT OR Apache-2.0,"kwantam <kwantam@gmail.com>, Manish Goregaokar <manishsmail@gmail.com>"
unicode-xid,https://github.com/unicode-rs/unicode-xid,MIT OR Apache-2.0,"erick.tryzelaar <erick.tryzelaar@gmail.com>, kwantam <kwantam@gmail.com>, Manish Goregaokar <manishsmail@gmail.com>"
unsafe-libyaml,https://github.com/dtolnay/unsafe-libyaml,MIT,David Tolnay <dtolnay@gmail.com>
untrusted,https://github.com/briansmith/untrusted,ISC,Brian Smith <brian@briansmith.org>
uuid,https://github.com/uuid-rs/uuid,Apache-2.0 OR MIT,"Ashley Mannix<ashleymannix@live.com.au>, Dylan DPC<dylan.dpc@gmail.com>, Hunar Roop Kahlon<hunar.roop@gmail.com>"
want,https://github.com/seanmonstar/want,MIT,Sean McArthur <sean@seanmonstar.com>
wasi,https://github.com/bytecodealliance/wasi,Apache-2.0 WITH LLVM-exception OR Apache-2.0 OR MIT,The Cranelift Project Developers
wasip2,https://github.com/bytecodealliance/wasi-rs,Apache-2.0 WITH LLVM-exception OR Apache-2.0 OR MIT,The wasip2 Authors
wasip3,https://github.com/bytecodealliance/wasi-rs,Apache-2.0 WITH LLVM-exception OR Apache-2.0 OR MIT,The wasip3 Authors
wasm-bindgen,https://github.com/wasm-bindgen/wasm-bindgen,MIT OR Apache-2.0,The wasm-bindgen Developers
wasm-bindgen-futures,https://github.com/wasm-bindgen/wasm-bindgen/tree/master/crates/futures,MIT OR Apache-2.0,The wasm-bindgen Developers
wasm-bindgen-macro,https://github.com/wasm-bindgen/wasm-bindgen/tree/master/crates/macro,MIT OR Apache-2.0,The wasm-bindgen Developers
wasm-bindgen-macro-support,https://github.com/wasm-bindgen/wasm-bindgen/tree/master/crates/macro-support,MIT OR Apache-2.0,The wasm-bindgen Developers
wasm-bindgen-shared,https://github.com/wasm-bindgen/wasm-bindgen/tree/master/crates/shared,MIT OR Apache-2.0,The wasm-bindgen Developers
wasm-bindgen-test-macro,https://github.com/wasm-bindgen/wasm-bindgen,MIT OR Apache-2.0,The wasm-bindgen Developers
wasm-bindgen-test-shared,https://github.com/rustwasm/wasm-bindgen/tree/master/crates/test-shared,MIT OR Apache-2.0,The wasm-bindgen Developers
wasm-encoder,https://github.com/bytecodealliance/wasm-tools/tree/main/crates/wasm-encoder,Apache-2.0 WITH LLVM-exception OR Apache-2.0 OR MIT,Nick Fitzgerald <fitzgen@gmail.com>
wasm-metadata,https://github.com/bytecodealliance/wasm-tools/tree/main/crates/wasm-metadata,Apache-2.0 WITH LLVM-exception OR Apache-2.0 OR MIT,The wasm-metadata Authors
wasmparser,https://github.com/bytecodealliance/wasm-tools/tree/main/crates/wasmparser,Apache-2.0 WITH LLVM-exception OR Apache-2.0 OR MIT,Yury Delendik <ydelendik@mozilla.com>
web-time,https://github.com/daxpedda/web-time,MIT OR Apache-2.0,The web-time Authors
webpki-root-certs,https://github.com/rustls/webpki-roots,CDLA-Permissive-2.0,The webpki-root-certs Authors
winapi,https://github.com/retep998/winapi-rs,MIT OR Apache-2.0,Peter Atashian <retep998@gmail.com>
winapi-i686-pc-windows-gnu,https://github.com/retep998/winapi-rs,MIT OR Apache-2.0,Peter Atashian <retep998@gmail.com>
winapi-util,https://github.com/BurntSushi/winapi-util,Unlicense OR MIT,Andrew Gallant <jamslam@gmail.com>
winapi-x86_64-pc-windows-gnu,https://github.com/retep998/winapi-rs,MIT OR Apache-2.0,Peter Atashian <retep998@gmail.com>
windows,https://github.com/microsoft/windows-rs,MIT OR Apache-2.0,Microsoft
windows-core,https://github.com/microsoft/windows-rs,MIT OR Apache-2.0,Microsoft
windows-core,https://github.com/microsoft/windows-rs,MIT OR Apache-2.0,The windows-core Authors
windows-implement,https://github.com/microsoft/windows-rs,MIT OR Apache-2.0,Microsoft
windows-implement,https://github.com/microsoft/windows-rs,MIT OR Apache-2.0,The windows-implement Authors
windows-interface,https://github.com/microsoft/windows-rs,MIT OR Apache-2.0,The windows-interface Authors
windows-link,https://github.com/microsoft/windows-rs,MIT OR Apache-2.0,Microsoft
windows-link,https://github.com/microsoft/windows-rs,MIT OR Apache-2.0,The windows-link Authors
windows-result,https://github.com/microsoft/windows-rs,MIT OR Apache-2.0,Microsoft
windows-result,https://github.com/microsoft/windows-rs,MIT OR Apache-2.0,The windows-result Authors
windows-strings,https://github.com/microsoft/windows-rs,MIT OR Apache-2.0,Microsoft
windows-strings,https://github.com/microsoft/windows-rs,MIT OR Apache-2.0,The windows-strings Authors
windows-sys,https://github.com/microsoft/windows-rs,MIT OR Apache-2.0,Microsoft
windows-sys,https://github.com/microsoft/windows-rs,MIT OR Apache-2.0,The windows-sys Authors
windows-targets,https://github.com/microsoft/windows-rs,MIT OR Apache-2.0,Microsoft
windows-targets,https://github.com/microsoft/windows-rs,MIT OR Apache-2.0,The windows-targets Authors
windows_aarch64_gnullvm,https://github.com/microsoft/windows-rs,MIT OR Apache-2.0,Microsoft
windows_aarch64_gnullvm,https://github.com/microsoft/windows-rs,MIT OR Apache-2.0,The windows_aarch64_gnullvm Authors
windows_aarch64_msvc,https://github.com/microsoft/windows-rs,MIT OR Apache-2.0,Microsoft
windows_aarch64_msvc,https://github.com/microsoft/windows-rs,MIT OR Apache-2.0,The windows_aarch64_msvc Authors
windows_i686_gnu,https://github.com/microsoft/windows-rs,MIT OR Apache-2.0,Microsoft
windows_i686_gnu,https://github.com/microsoft/windows-rs,MIT OR Apache-2.0,The windows_i686_gnu Authors
windows_i686_gnullvm,https://github.com/microsoft/windows-rs,MIT OR Apache-2.0,Microsoft
windows_i686_gnullvm,https://github.com/microsoft/windows-rs,MIT OR Apache-2.0,The windows_i686_gnullvm Authors
windows_i686_msvc,https://github.com/microsoft/windows-rs,MIT OR Apache-2.0,Microsoft
windows_i686_msvc,https://github.com/microsoft/windows-rs,MIT OR Apache-2.0,The windows_i686_msvc Authors
windows_x86_64_gnu,https://github.com/microsoft/windows-rs,MIT OR Apache-2.0,Microsoft
windows_x86_64_gnu,https://github.com/microsoft/windows-rs,MIT OR Apache-2.0,The windows_x86_64_gnu Authors
windows_x86_64_gnullvm,https://github.com/microsoft/windows-rs,MIT OR Apache-2.0,Microsoft
windows_x86_64_gnullvm,https://github.com/microsoft/windows-rs,MIT OR Apache-2.0,The windows_x86_64_gnullvm Authors
windows_x86_64_msvc,https://github.com/microsoft/windows-rs,MIT OR Apache-2.0,Microsoft
windows_x86_64_msvc,https://github.com/microsoft/windows-rs,MIT OR Apache-2.0,The windows_x86_64_msvc Authors
winver,https://github.com/rhysd/winver,MIT,rhysd <lin90162@yahoo.co.jp>
wit-bindgen,https://github.com/bytecodealliance/wit-bindgen,Apache-2.0 WITH LLVM-exception OR Apache-2.0 OR MIT,Alex Crichton <alex@alexcrichton.com>
wit-bindgen-core,https://github.com/bytecodealliance/wit-bindgen,Apache-2.0 WITH LLVM-exception OR Apache-2.0 OR MIT,Alex Crichton <alex@alexcrichton.com>
wit-bindgen-rust,https://github.com/bytecodealliance/wit-bindgen,Apache-2.0 WITH LLVM-exception OR Apache-2.0 OR MIT,Alex Crichton <alex@alexcrichton.com>
wit-bindgen-rust-macro,https://github.com/bytecodealliance/wit-bindgen,Apache-2.0 WITH LLVM-exception OR Apache-2.0 OR MIT,Alex Crichton <alex@alexcrichton.com>
wit-component,https://github.com/bytecodealliance/wasm-tools/tree/main/crates/wit-component,Apache-2.0 WITH LLVM-exception OR Apache-2.0 OR MIT,Peter Huene <peter@huene.dev>
wit-parser,https://github.com/bytecodealliance/wasm-tools/tree/main/crates/wit-parser,Apache-2.0 WITH LLVM-exception OR Apache-2.0 OR MIT,Alex Crichton <alex@alexcrichton.com>
zerocopy,https://github.com/google/zerocopy,BSD-2-Clause OR Apache-2.0 OR MIT,"Joshua Liebow-Feeser <joshlf@google.com>, Jack Wrenn <jswrenn@amazon.com>"
zerocopy-derive,https://github.com/google/zerocopy,BSD-2-Clause OR Apache-2.0 OR MIT,"Joshua Liebow-Feeser <joshlf@google.com>, Jack Wrenn <jswrenn@amazon.com>"
zeroize,https://github.com/RustCrypto/utils,Apache-2.0 OR MIT,The RustCrypto Project Developers
zmij,https://github.com/dtolnay/zmij,MIT,David Tolnay <dtolnay@gmail.com>
zstd,https://github.com/gyscos/zstd-rs,MIT,Alexandre Bury <alexandre.bury@gmail.com>
zstd-safe,https://github.com/gyscos/zstd-rs,MIT OR Apache-2.0,Alexandre Bury <alexandre.bury@gmail.com>
zstd-sys,https://github.com/gyscos/zstd-rs,MIT OR Apache-2.0,Alexandre Bury <alexandre.bury@gmail.com>
